"Noise","RPM","Temp","Check"
1.55,82.773,19.52,1
1.59,23.868,16.29,0
1.62,77.979,20.7,1
1.65,90.78,28.33,1
1.82,21.573,16.41,0
1.93,85.272,27,1
1.95,28.713,13.48,0
2.07,46.563,12,0
2.09,82.161,16.51,1
2.1,16.779,8.68,0
2.18,21.063,19.36,0
2.32,95.727,20.62,1
2.34,27.795,21.27,0
2.37,30.396,11.72,0
2.4,52.887,12.42,0
2.4,78.489,24.7,1
2.43,21.012,14.78,0
2.47,55.08,12.31,0
2.67,102.357,18.04,1
2.68,99.654,23.92,0
2.7,72.114,23.89,1
2.76,79.101,21,1
2.77,60.078,22.57,1
2.8,85.578,15.77,1
2.8,93.228,27.77,0
2.95,60.078,9.42,1
2.96,80.019,22.9,1
2.97,67.32,15.71,0
2.97,75.48,15.74,1
3.02,90.066,23.52,1
3.03,83.589,18.87,1
3.1,86.139,34.22,1
3.1,83.13,24.43,1
3.12,65.994,18.52,1
3.17,56.508,21.69,0
3.21,47.379,16.12,0
3.21,79.764,14.11,0
3.22,91.443,17.82,1
3.23,13.719,11.25,0
3.23,22.593,23.71,0
3.28,87.771,19.12,1
3.31,77.214,18.46,1
3.32,20.706,19.36,0
3.32,73.032,26,1
3.32,85.68,24.81,1
3.36,59.721,20.74,1
3.36,95.37,16.02,1
3.39,83.844,23.79,1
3.44,93.432,22.39,1
3.46,42.126,19.14,0
3.5,105.009,22.65,1
3.51,73.236,22.1,1
3.54,104.652,20.66,1
3.55,83.334,24.74,0
3.56,95.013,19.65,1
3.56,73.491,23.1,1
3.59,84.048,17.89,1
3.64,82.773,17.76,1
3.69,50.847,19.76,0
3.71,53.754,25.73,0
3.72,88.434,20.98,1
3.75,69.666,22.57,1
3.75,82.059,27.09,1
3.77,89.454,18.3,1
3.78,62.73,21.41,0
3.78,93.891,18.93,1
3.79,42.33,14.6,0
3.8,111.486,27.02,1
3.8,72.981,19.17,1
3.82,26.418,15.86,0
3.84,39.525,19.16,0
3.88,81.141,18.31,1
3.89,94.146,20.7,1
3.9,53.55,13.38,0
3.9,111.537,27.06,1
3.92,82.824,18.49,1
3.92,77.52,28.59,1
3.94,52.632,27.84,0
3.95,82.008,21.05,1
3.97,54.825,18.74,0
3.98,71.4,16.03,0
3.99,72.726,22,1
4.06,102.102,21.56,1
4.08,90.372,21.07,0
4.1,32.64,13.28,0
4.18,52.173,22.6,1
4.21,58.548,20.57,0
4.21,92.106,19.88,1
4.21,77.214,24.84,1
4.23,78.693,22.47,1
4.25,87.057,19.55,1
4.27,70.176,22.58,1
4.34,83.691,24.56,1
4.41,51.765,15.49,0
4.41,91.953,20.06,1
4.49,30.192,12.77,0
4.49,53.193,14.96,0
4.5,61.965,18.06,1
4.52,59.976,16.67,0
4.54,79.662,20.3,1
4.57,85.782,16.79,1
4.6,82.722,16.53,1
4.6,83.028,23.74,1
4.63,86.547,16.71,1
4.64,74.868,15.81,1
4.65,96.747,24.31,1
4.66,57.069,18.54,0
4.67,85.986,18.43,0
4.68,72.879,11.7,1
4.7,30.141,8.09,0
4.71,71.298,20.2,1
4.77,93.687,25.16,1
4.78,63.444,15.09,0
4.8,82.11,28.13,1
4.83,44.676,18.97,0
4.83,59.058,14.42,0
4.83,79.152,16.1,0
4.84,79.203,10.38,1
4.84,90.576,16.34,1
4.88,56.916,19.09,0
4.93,60.027,20.71,1
4.93,39.831,25.2,0
4.93,24.327,16.21,0
4.93,58.956,11.46,0
4.93,80.784,17.63,1
4.95,82.518,19.68,1
4.95,88.842,19.22,1
4.99,56.406,25.48,0
5,85.782,6.84,1
5.04,83.589,32.62,1
5.05,73.185,30.94,1
5.06,61.659,24.85,0
5.06,77.061,16.1,1
5.06,112.251,26.33,1
5.08,84.405,26.56,1
5.08,87.057,15.79,1
5.08,57.426,25.65,1
5.09,77.622,20.13,1
5.12,62.424,17.22,0
5.12,73.134,18.63,1
5.12,88.587,22.29,1
5.14,43.707,17.36,0
5.14,87.771,23.5,0
5.16,79.509,23.85,1
5.17,63.087,32.75,0
5.22,87.924,21.34,1
5.23,80.733,16.37,1
5.24,77.877,18.01,1
5.25,98.94,20.42,1
5.29,23.664,11.99,0
5.3,92.259,17.83,1
5.3,99.093,27.96,1
5.31,92.769,21.87,1
5.31,79.305,19.14,0
5.35,65.127,17.83,0
5.35,48.705,20.08,0
5.36,34.221,18.33,0
5.38,60.741,24.55,0
5.39,62.067,25.69,0
5.4,107.508,27.15,1
5.42,22.593,10.69,0
5.45,114.036,33.53,1
5.45,102.663,21.79,0
5.47,68.136,20.86,1
5.5,116.841,32.88,1
5.51,97.716,22.77,0
5.54,89.454,14.76,1
5.57,55.998,20.48,0
5.61,77.928,22.43,1
5.62,44.472,17.79,0
5.63,105.264,30.2,1
5.64,50.337,12.13,0
5.65,94.35,26.19,1
5.66,24.123,9.56,0
5.68,55.233,14.9,0
5.69,106.233,26.02,1
5.7,99.705,19.78,0
5.74,76.806,24.12,0
5.75,63.189,15.09,0
5.81,44.676,8.06,0
5.81,80.886,23.44,1
5.82,28.458,13.59,0
5.84,62.067,28.56,0
5.84,107.202,15.05,1
5.84,33.507,15.47,0
5.85,87.057,16.09,1
5.86,77.418,9.73,0
5.86,82.569,20.56,0
5.87,68.952,19.38,1
5.88,64.821,17.97,0
5.9,75.327,18.46,1
5.92,41.82,25.35,0
5.92,32.997,25.77,0
5.92,94.197,23.9,0
5.94,84.405,19.34,1
5.97,38.25,8.59,0
5.98,82.569,24.78,1
5.99,59.874,16.3,0
6,42.483,10.93,0
6.01,61.2,19.5,1
6.02,91.392,18.78,0
6.03,102,28.1,1
6.03,90.117,17.27,0
6.05,93.84,23.01,1
6.08,34.527,14.95,0
6.13,92.922,19.7,1
6.14,39.729,21.83,0
6.15,40.188,17.65,0
6.15,84.813,14.37,0
6.15,87.414,17.26,0
6.16,67.32,25.08,1
6.16,37.077,19.73,0
6.16,42.075,13.87,0
6.21,20.196,17.18,0
6.22,26.316,15.29,0
6.23,62.22,20.9,1
6.23,82.467,10.15,1
6.23,60.078,19.9,1
6.24,77.163,23.9,1
6.25,80.886,18.02,1
6.26,49.776,24.93,0
6.27,81.855,19.43,1
6.28,102.204,14.61,1
6.31,59.058,16.92,0
6.31,87.159,20.77,0
6.32,46.767,20.94,0
6.32,50.796,18.35,0
6.33,61.455,23.41,0
6.34,51.153,18.23,1
6.35,56.865,27.94,0
6.36,31.059,17.77,0
6.38,65.739,20.83,0
6.39,46.716,18.88,0
6.41,60.741,15.74,0
6.41,100.011,19.93,1
6.42,59.925,14.36,0
6.43,33.813,10.83,0
6.43,50.49,18.19,0
6.45,78.132,20.11,1
6.48,99.858,19.41,1
6.48,94.605,26.14,0
6.48,78.081,19.57,0
6.5,96.135,20,1
6.51,50.643,15.35,0
6.54,29.223,21.17,0
6.54,39.933,20.21,0
6.55,100.368,21.09,1
6.56,101.337,18.85,0
6.58,45.492,15.08,0
6.58,82.314,21.94,1
6.59,38.607,13.27,0
6.59,88.026,30.05,1
6.59,97.104,18.84,0
6.61,50.949,18.83,0
6.63,72.42,22.62,1
6.63,94.35,23.36,1
6.65,47.889,7.16,0
6.66,52.632,15.19,0
6.66,18.666,15.25,0
6.66,87.822,17.04,0
6.68,68.697,17.79,1
6.68,78.846,17.05,0
6.7,65.535,12.5,1
6.7,68.697,24.51,0
6.71,25.245,25.01,0
6.71,89.097,15.27,0
6.72,27.489,20.66,0
6.72,81.549,15.14,0
6.73,58.599,21.75,0
6.73,50.592,16.33,0
6.73,30.702,13.43,0
6.74,23.103,11.58,0
6.74,92.82,25.37,0
6.74,78.438,25.2,0
6.75,55.998,21.33,1
6.75,38.097,12.25,0
6.77,58.956,22.83,0
6.77,77.826,17.25,1
6.78,75.888,23.35,1
6.79,61.608,13.23,1
6.8,82.518,21.6,1
6.81,72.981,12.53,0
6.83,106.998,22.62,1
6.84,35.955,16.68,0
6.85,97.053,16.82,1
6.85,97.155,19.33,0
6.87,40.851,15.73,0
6.87,86.853,23.76,1
6.87,100.419,17.72,0
6.88,41.157,10.42,0
6.89,37.434,12.68,0
6.91,85.527,23.16,0
6.92,102.612,26.31,1
6.94,60.129,14.97,0
6.94,45.543,21.47,0
6.94,42.891,13.87,0
6.96,64.719,13.89,1
6.96,82.569,23.41,1
6.98,25.959,7.72,0
7,60.741,16.53,0
7.01,81.6,20.72,1
7.01,85.425,17.89,0
7.02,25.602,17.48,0
7.02,30.09,17.11,0
7.03,85.476,15.41,1
7.04,50.184,13.42,0
7.04,98.124,15.14,1
7.06,40.137,24.32,0
7.09,69.156,24.86,1
7.09,82.263,17.25,0
7.11,52.377,19.85,0
7.11,110.67,26.21,1
7.12,86.7,27.04,0
7.13,22.95,10.8,0
7.14,63.699,15.85,0
7.14,58.293,26.71,0
7.17,105.927,18.43,1
7.18,91.902,24.84,1
7.2,78.438,23.32,0
7.2,97.818,17.64,0
7.21,24.531,20.81,0
7.22,43.095,14.4,0
7.24,26.01,24.74,0
7.25,95.319,26.24,0
7.26,44.88,9.94,0
7.27,103.938,17.37,1
7.27,80.631,19.36,1
7.27,76.143,23.13,0
7.28,29.784,7.26,0
7.28,26.214,15.35,0
7.28,88.026,23.35,1
7.31,86.19,24.56,1
7.31,47.94,14.08,0
7.31,43.656,22.24,0
7.31,20.655,20.12,0
7.31,83.079,24.24,0
7.32,71.043,21.93,0
7.32,36.465,21.93,0
7.34,57.018,14.33,0
7.35,33.456,19.27,0
7.35,24.174,9.96,0
7.36,88.281,23.15,1
7.37,68.595,16.3,0
7.37,110.16,36.2,0
7.38,24.123,23.82,0
7.38,93.381,10.5,0
7.39,36.618,10.02,0
7.39,59.415,17.76,0
7.39,38.403,19.97,0
7.4,35.547,7.71,0
7.42,49.062,14.34,0
7.42,30.549,26.62,0
7.43,17.799,19.26,0
7.43,102.459,19.49,1
7.43,66.912,24.93,1
7.45,101.49,20.41,1
7.48,103.632,25.97,1
7.48,40.392,18.15,0
7.48,59.619,14.14,0
7.49,91.443,21.52,1
7.5,48.807,20.19,0
7.51,48.501,21.04,0
7.52,62.832,15.9,0
7.52,92.82,27.97,0
7.53,50.082,13.74,0
7.55,28.203,13.47,0
7.56,81.549,16.14,1
7.57,69.309,21.95,1
7.57,42.942,23.39,0
7.57,24.021,9.46,0
7.58,67.065,17,1
7.58,73.797,17.02,0
7.64,93.33,31.92,0
7.65,51.765,20.3,0
7.66,24.735,13.78,0
7.66,78.744,22.84,0
7.67,53.142,19.57,0
7.68,26.673,11.91,0
7.68,23.46,11.17,0
7.68,22.848,9.64,0
7.68,26.571,20.03,0
7.69,74.817,21.12,1
7.7,46.104,22.14,0
7.7,84.252,17.82,0
7.72,37.995,9.42,0
7.72,25.143,13.88,0
7.72,30.396,13.44,0
7.72,59.772,22.52,0
7.73,58.344,24.64,0
7.74,68.136,11.82,1
7.76,85.272,22.38,0
7.77,63.699,25.38,0
7.78,30.498,11.89,0
7.79,84.66,14.64,0
7.8,41.106,20.37,0
7.82,41.004,13.1,0
7.82,95.064,13.29,1
7.82,32.538,18.96,0
7.82,35.343,11.87,0
7.84,55.131,24.23,0
7.86,27.795,10.57,0
7.86,27.693,13.73,0
7.86,22.899,12.26,0
7.87,61.812,19.92,0
7.87,94.86,29.19,0
7.88,89.097,20.85,1
7.9,99.348,18.9,1
7.9,94.758,17.58,0
7.92,27.897,18.65,0
7.92,89.097,11.24,0
7.93,41.157,16.12,0
7.93,49.878,15.42,0
7.95,57.681,24.75,0
7.95,77.877,17.26,0
7.96,99.144,28.66,0
7.96,96.084,19.38,0
7.99,93.585,26.09,1
8.01,86.19,25.22,1
8.01,90.219,26.59,1
8.01,52.377,13.31,1
8.01,80.784,14.19,0
8.01,86.496,24.42,1
8.02,24.021,16.68,0
8.03,60.537,11.54,0
8.04,31.008,27.16,0
8.05,15.096,15.97,0
8.05,23.205,14.42,0
8.06,39.168,17.94,0
8.07,37.332,15.51,0
8.07,85.527,24.29,0
8.08,58.956,15.69,0
8.08,88.587,22.18,0
8.09,39.678,16.54,0
8.09,79.815,18.06,0
8.11,100.062,17.4,1
8.11,28.152,24.25,0
8.15,34.884,18.93,0
8.16,44.115,22.56,0
8.16,37.077,17.7,0
8.16,48.552,18.38,0
8.16,95.574,26.47,1
8.17,102.612,23.45,1
8.2,68.238,25.09,0
8.25,58.242,26.56,1
8.25,96.39,27.52,0
8.26,89.352,29.64,0
8.27,29.172,10.54,0
8.28,72.318,16.32,1
8.29,80.784,15.42,0
8.29,14.841,11.81,0
8.31,31.314,21.66,0
8.32,46.92,22.76,0
8.33,41.973,20.26,0
8.33,75.684,30.29,1
8.33,92.361,25.77,0
8.35,97.665,18.67,1
8.36,60.18,15.99,0
8.37,38.454,21.01,0
8.37,37.995,16.02,0
8.37,87.363,27.48,0
8.38,36.159,12.45,0
8.39,88.434,22.33,1
8.39,90.576,23.41,1
8.4,52.581,16.09,0
8.4,60.129,19.72,0
8.4,44.574,12.54,0
8.4,88.74,14.59,0
8.41,100.266,22.93,1
8.41,84.201,30.57,0
8.42,33.15,18.08,0
8.43,70.329,21.13,1
8.44,105.672,30.78,1
8.45,28.509,14.36,0
8.45,92.616,20.03,1
8.47,105.978,26.74,1
8.48,47.073,17.57,0
8.48,49.827,17.88,0
8.49,27.744,20.59,0
8.49,34.425,26.06,0
8.51,42.84,15.78,0
8.52,38.454,10.45,0
8.53,42.585,17.74,0
8.55,59.568,21.96,0
8.55,53.856,19.12,0
8.55,96.645,19.26,0
8.56,33.762,13.59,0
8.57,82.773,25.94,0
8.57,90.474,22.39,0
8.58,29.682,19.88,0
8.58,94.656,28.51,0
8.61,83.589,21.28,1
8.62,59.364,15.49,0
8.63,39.882,20.77,0
8.63,81.6,26.94,0
8.63,94.911,19.34,0
8.63,87.261,17.66,0
8.63,90.219,24.28,0
8.65,51.918,18.96,0
8.67,41.616,15.45,0
8.67,44.574,24.28,0
8.67,102,26.09,0
8.68,46.104,10.67,0
8.68,34.272,19.68,0
8.69,98.583,31.66,0
8.71,30.294,14.3,0
8.71,75.684,12.15,0
8.72,68.34,19.63,1
8.72,73.185,20.43,0
8.73,85.731,21.74,0
8.74,82.314,19.33,0
8.74,96.186,25.01,0
8.75,72.981,26,1
8.75,86.955,16.8,0
8.76,37.128,18.26,0
8.76,29.631,17.39,0
8.77,46.563,10.44,0
8.77,25.296,15.88,0
8.79,47.991,18.68,0
8.8,82.773,26.48,0
8.8,60.486,17.72,0
8.81,90.627,24.9,0
8.82,26.775,17.28,0
8.83,57.069,20.8,0
8.84,55.131,16.38,0
8.87,81.345,23.29,0
8.88,74.154,29.21,0
8.89,47.838,14.6,0
8.9,45.543,15.92,0
8.9,34.425,9.79,0
8.91,42.381,26.77,0
8.91,30.651,10.73,0
8.91,56.865,15.23,0
8.93,78.387,25.5,0
8.94,82.314,30.2,0
8.95,40.035,18.37,0
8.95,35.853,21.48,0
8.98,20.298,17.09,0
8.98,26.571,12.89,0
8.98,89.352,15.75,0
9,29.58,23.8,0
9,41.157,15.87,0
9.01,47.226,21.72,0
9.02,98.073,24.96,1
9.02,29.223,15.3,0
9.05,78.642,18.39,0
9.07,68.901,19.11,0
9.08,63.444,14.5,1
9.1,18.819,24.29,0
9.1,72.012,18.52,1
9.1,50.745,23.43,0
9.11,88.332,24.5,0
9.12,90.423,25.57,0
9.13,50.439,9.7,0
9.13,66.606,22.33,1
9.13,78.438,19.65,0
9.14,101.541,27.03,0
9.16,94.809,27.34,0
9.17,97.308,25.72,1
9.17,95.727,26.26,0
9.18,64.362,20.07,0
9.18,96.339,27.26,0
9.21,39.066,11.17,0
9.22,59.823,16.85,0
9.22,89.352,18.75,0
9.23,70.635,19.94,1
9.25,34.374,14.67,0
9.26,27.795,12.98,0
9.29,45.543,18.64,0
9.29,52.326,21.56,0
9.31,60.18,17.98,1
9.31,63.291,13.62,0
9.31,33.609,18.02,0
9.34,110.415,19.86,1
9.34,102.816,32.16,1
9.35,75.786,17.83,1
9.35,68.901,27.22,0
9.35,88.281,13.41,0
9.37,102.969,23.55,1
9.38,24.582,19.82,0
9.38,64.515,16.41,1
9.4,33.609,17.74,0
9.4,104.193,25.42,1
9.41,81.039,22.73,0
9.42,31.62,17.19,0
9.43,50.184,24.06,0
9.44,78.744,31.52,0
9.44,38.658,15.21,0
9.46,79.509,17.13,0
9.48,73.899,24.87,0
9.48,79.611,11.59,0
9.49,95.472,18.69,0
9.49,94.35,31.58,0
9.5,71.655,26.35,1
9.53,66.912,13.72,1
9.54,91.596,20.47,0
9.55,62.067,20.65,1
9.55,46.614,19.8,0
9.56,58.854,27.47,0
9.57,85.884,25.84,0
9.58,73.491,21.2,1
9.58,83.844,23.8,0
9.58,79.407,30.19,0
9.6,67.932,12.79,1
9.6,85.068,18.65,0
9.61,95.319,23.7,1
9.61,44.778,16.91,0
9.61,69.258,27.11,0
9.62,42.534,24,0
9.63,91.188,21.2,0
9.64,47.124,19.37,0
9.65,29.274,10.65,0
9.66,90.066,26.49,0
9.67,76.959,17.02,0
9.68,66.861,21.18,1
9.7,104.754,22.46,1
9.7,86.241,18.46,0
9.73,63.189,12.33,1
9.73,38.454,22.65,0
9.75,78.54,27.06,0
9.76,66.606,21.24,1
9.76,67.065,16.6,0
9.76,41.31,17.89,0
9.77,108.528,27.41,1
9.77,42.228,19.03,0
9.78,91.902,17.98,0
9.79,34.323,19.6,0
9.79,31.467,18.21,0
9.8,55.845,17.6,0
9.82,53.55,22.72,0
9.83,58.905,12.08,0
9.83,31.977,12.49,0
9.83,43.35,20.83,0
9.83,83.13,21.01,0
9.84,57.426,16.82,0
9.86,27.897,10.73,0
9.86,18.054,15.83,0
9.89,63.444,19.96,1
9.89,94.248,22.79,0
9.9,49.419,17.11,0
9.9,74.46,21.91,1
9.92,36.21,19.6,0
9.96,54.672,10.71,0
9.96,51.051,17.01,0
9.96,80.172,29.92,1
9.97,40.29,10.3,0
9.97,108.171,18.3,1
9.97,16.626,10.16,0
9.97,79.05,18.27,0
9.97,56.457,28.32,0
9.98,101.541,23.03,1
9.99,71.094,17.58,0
9.99,68.136,22.67,0
9.99,73.95,25.95,0
9.99,70.635,25,0
10,102.765,24.11,0
10,78.693,20.67,0
10.01,15.708,17.07,0
10.02,15.351,15.84,0
10.02,80.886,20.46,0
10.03,36.924,21.73,0
10.03,77.367,20.1,0
10.03,24.276,16.21,0
10.04,73.032,26.45,0
10.06,27.54,22.68,1
10.07,110.262,26.36,0
10.08,95.982,19.44,1
10.08,51.969,23.84,0
10.09,40.8,17.01,0
10.09,108.477,28.08,1
10.09,64.362,23.41,0
10.1,33.864,10.8,0
10.1,45.186,18.24,0
10.11,20.91,11.74,0
10.12,82.824,26.34,0
10.13,54.876,26.75,1
10.13,33.966,18.74,1
10.15,36.363,16.49,0
10.15,113.526,21.25,1
10.15,37.638,22.62,0
10.16,41.361,19.7,0
10.17,41.106,21.09,0
10.17,56.814,20.71,0
10.17,88.944,17.56,0
10.18,90.015,23.17,0
10.19,50.235,11.02,0
10.2,64.413,21.21,0
10.21,103.581,23,0
10.24,16.983,15.25,0
10.26,54.774,21.39,0
10.27,82.365,23.99,0
10.28,52.122,19.3,0
10.28,31.11,14.24,0
10.28,99.45,27.75,0
10.29,71.298,20.7,1
10.32,83.538,19.05,0
10.34,66.351,27.8,1
10.34,52.326,16.23,1
10.34,96.645,13.01,0
10.35,76.245,19.77,0
10.37,86.343,15.05,0
10.39,38.658,15.63,0
10.41,60.078,22.09,0
10.41,103.275,14.82,0
10.41,83.181,22.38,0
10.42,116.688,22.52,1
10.43,44.013,12.99,0
10.43,51.918,20.87,0
10.44,43.758,18.44,0
10.44,105.315,27.29,1
10.45,48.807,15.9,0
10.45,86.7,16.6,0
10.45,91.851,20.35,0
10.48,40.29,18.66,0
10.49,82.569,12.15,0
10.5,97.308,12.72,1
10.5,73.287,23.29,0
10.5,100.623,30.78,0
10.5,81.906,20.93,0
10.52,72.879,27.85,0
10.52,72.216,22.99,0
10.53,34.782,20.96,0
10.53,83.538,21.32,0
10.55,42.177,11.69,0
10.56,69.411,24.18,1
10.57,24.48,10.37,0
10.58,86.088,19.98,0
10.58,47.43,24.79,0
10.59,89.25,19.52,0
10.6,29.631,14.21,0
10.63,81.498,23.47,0
10.65,74.817,23.78,0
10.67,45.849,28.04,0
10.67,104.601,18.42,1
10.7,55.233,22.64,1
10.7,38.199,18.49,0
10.7,102.459,32.76,0
10.71,64.77,27.64,1
10.71,71.961,25.8,0
10.72,49.368,18.35,0
10.72,55.029,20.67,0
10.73,87.822,22.67,0
10.74,45.798,17.34,0
10.74,29.325,24.61,0
10.75,53.244,14.14,0
10.76,87.006,17.11,0
10.79,20.859,22.8,0
10.8,50.847,14.46,0
10.8,76.296,24.22,0
10.8,97.512,12.04,0
10.8,82.671,25.05,0
10.82,76.857,27.12,0
10.83,89.25,30.2,0
10.84,69.156,17.85,0
10.85,77.928,24.69,0
10.86,98.43,19.92,1
10.92,85.833,21.26,0
10.92,65.382,16.65,0
10.93,26.163,14.82,0
10.95,58.293,16.64,1
10.96,68.646,13.28,0
10.96,35.802,22.31,1
10.97,47.175,15.38,1
10.98,14.076,10.36,0
11,63.393,21.89,1
11.02,72.981,25.76,0
11.03,30.651,17.42,1
11.05,12.546,21.38,0
11.05,69.411,9.44,0
11.05,87.363,15.81,0
11.06,71.094,25.08,0
11.07,53.703,22.72,0
11.07,54.468,27.1,0
11.08,80.58,28.13,0
11.08,45.696,16.3,0
11.09,79.56,23.06,1
11.09,52.428,22.83,0
11.1,76.602,14.54,0
11.11,26.061,20.72,0
11.12,25.194,14.16,0
11.14,49.062,17.41,1
11.14,64.821,28.48,0
11.16,87.159,28.01,0
11.18,26.469,15.13,0
11.19,91.494,25.88,0
11.2,54.06,15.46,0
11.21,98.532,30.98,0
11.22,79.611,17.42,0
11.23,45.9,19.41,0
11.23,27.795,15.51,0
11.25,70.992,19.82,0
11.25,54.009,18.93,0
11.26,97.155,30.86,1
11.26,74.307,14.22,0
11.26,85.17,19.02,0
11.26,103.683,29.85,0
11.27,97.359,21.53,0
11.29,83.793,13.53,0
11.29,68.748,19.67,0
11.3,58.293,17.91,0
11.3,36.21,16.67,0
11.3,91.188,29.82,0
11.3,81.294,25.7,0
11.3,80.121,20.82,0
11.35,70.533,24.32,0
11.36,74.052,22.04,0
11.37,22.593,14.91,0
11.37,82.467,22.32,0
11.38,73.593,20.19,0
11.38,69.768,29.17,0
11.39,79.356,23.23,0
11.39,72.981,17.83,0
11.4,89.301,30.77,0
11.41,61.965,24.21,0
11.41,57.12,24.58,0
11.41,88.842,20.75,0
11.41,81.498,13.24,0
11.44,46.359,23.37,0
11.45,72.063,15.99,0
11.5,81.6,23.3,0
11.51,72.012,21.16,0
11.51,65.484,13.21,0
11.52,74.562,28.16,0
11.52,29.427,11.11,0
11.56,50.133,13.49,0
11.57,78.336,23.73,0
11.58,66.504,24.42,0
11.59,103.377,15.79,0
11.6,57.324,15.22,0
11.61,35.037,24.57,1
11.61,99.093,29.1,0
11.62,83.997,19.36,0
11.63,58.548,20.19,1
11.63,53.448,12.95,0
11.64,37.638,17.25,0
11.72,32.385,14.05,0
11.75,44.574,22.17,0
11.76,86.088,14.79,0
11.77,71.145,22.83,0
11.78,77.571,19.71,0
11.8,105.774,24.36,0
11.82,22.746,12.13,0
11.83,80.478,28.62,0
11.84,26.214,15.45,0
11.84,76.908,29.83,0
11.85,35.7,19.25,1
11.86,90.933,22.39,0
11.86,70.941,19.09,0
11.88,76.755,19.84,0
11.91,106.794,24.36,0
11.91,90.372,17.37,0
11.92,70.38,19.36,0
11.92,89.76,14.84,0
11.94,17.391,22.67,0
11.95,59.823,23.25,0
11.96,28.305,21.05,1
11.96,73.491,27.63,0
11.97,73.491,20.44,0
11.98,67.932,19.62,1
12.01,102.051,36.03,0
12.02,62.628,18.87,0
12.02,82.11,26.38,0
12.02,86.037,25.68,0
12.03,109.395,18.06,0
12.04,29.376,22.12,1
12.05,78.132,23,0
12.05,106.488,20.51,1
12.05,75.786,19.19,0
12.05,47.685,15.16,0
12.05,58.14,15.38,0
12.06,51.765,11.23,0
12.06,68.34,13.49,0
12.06,78.234,30.47,0
12.07,17.34,16.94,0
12.09,72.012,20.78,0
12.09,92.208,22.47,0
12.1,69.768,16.12,1
12.12,87.312,24.17,0
12.13,27.897,14.07,0
12.13,101.847,23.36,0
12.14,54.264,22.95,0
12.14,38.862,18.17,0
12.14,78.642,25.73,0
12.14,89.301,24.18,0
12.15,95.982,27.61,0
12.17,39.066,16.27,0
12.18,62.73,14.01,0
12.18,46.359,23.2,0
12.2,23.001,19.31,0
12.2,53.142,19.75,0
12.21,92.055,29.01,0
12.21,46.869,16.97,0
12.23,70.074,16.9,0
12.23,33.915,16.34,0
12.23,85.986,24.96,0
12.25,52.989,20.55,0
12.26,115.566,29.51,0
12.26,111.639,26.13,0
12.29,88.893,22.91,0
12.29,52.53,18.05,0
12.3,57.12,17.53,0
12.3,78.795,15.68,0
12.3,82.875,21.14,0
12.31,70.992,21.19,0
12.32,80.631,15.07,0
12.33,26.52,14.63,0
12.33,69.462,27.73,0
12.34,85.935,22.36,0
12.35,74.307,26.1,0
12.36,88.179,21.61,0
12.36,99.246,26.15,0
12.39,49.164,22.3,0
12.42,45.645,25.25,0
12.43,43.962,16.9,0
12.43,55.896,20.03,0
12.43,102.306,20.31,0
12.44,95.166,27.58,0
12.45,35.649,22.76,1
12.45,60.945,19.18,0
12.48,63.852,15.83,0
12.49,74.052,13.75,0
12.5,68.289,13.45,0
12.53,95.625,31.18,0
12.54,95.574,25.14,0
12.55,103.02,19.22,1
12.55,84.711,23.25,0
12.56,64.158,18.56,0
12.58,34.221,14.12,0
12.6,60.333,14.26,0
12.6,87.21,31.32,0
12.6,72.624,14.93,0
12.6,80.274,24.43,0
12.6,98.583,11.18,0
12.62,17.748,20.62,1
12.63,124.338,21.53,0
12.65,40.035,20.84,1
12.65,61.608,18.3,0
12.66,71.502,20.18,0
12.67,47.073,19.8,0
12.69,33.201,21.3,0
12.69,63.087,14.1,0
12.71,28.356,16.23,0
12.72,65.178,18.81,0
12.75,64.056,24.19,0
12.75,70.125,12.65,0
12.76,29.376,10.15,0
12.76,82.314,27.78,0
12.78,38.046,17.18,0
12.8,74.562,14.89,0
12.8,89.403,21.95,0
12.84,32.487,25.93,0
12.87,72.369,25.6,0
12.87,78.693,19.5,0
12.88,105.978,23.21,0
12.88,46.92,19.78,0
12.9,74.613,21.34,0
12.92,70.686,19.8,0
12.92,49.725,15.8,0
12.92,34.731,16.79,0
12.93,45.747,13.13,0
12.93,82.518,22.5,0
12.93,46.308,14,0
12.94,93.687,25.87,0
12.95,14.79,17.88,0
12.95,91.341,23.25,0
12.96,73.236,29.52,0
12.96,62.475,28.16,0
12.96,40.086,21.46,0
12.97,46.053,13.76,0
12.97,38.046,15.08,0
12.99,67.371,17.59,0
13.01,47.532,12.78,0
13.02,85.476,26.99,0
13.02,90.933,24.1,0
13.02,57.12,16.67,0
13.03,87.108,27.34,0
13.05,69.36,28.37,0
13.05,56.865,23.52,0
13.05,76.755,20.9,0
13.07,67.524,19.8,0
13.07,59.313,20.45,0
13.08,45.339,18.46,0
13.09,28.917,10.4,0
13.09,77.163,24.97,0
13.11,60.18,22.38,0
13.13,98.94,24.86,0
13.16,84.66,28.02,0
13.16,79.56,27.03,0
13.17,96.696,21.89,0
13.17,81.804,21.87,0
13.17,29.835,16.26,1
13.19,54.927,18.41,1
13.21,65.994,24.93,0
13.22,80.376,25.06,0
13.23,64.209,26.54,0
13.24,86.547,20.89,0
13.25,95.472,21.44,0
13.25,49.725,17.82,1
13.26,37.536,14.43,1
13.27,69.462,19.98,0
13.29,35.904,15.74,1
13.29,90.882,17.95,0
13.29,46.614,22.8,0
13.3,93.891,27.3,0
13.3,63.699,23.1,0
13.3,104.958,22.08,0
13.31,64.107,14.07,0
13.31,58.14,14.73,0
13.32,32.13,17.8,0
13.33,80.274,23.91,0
13.33,59.619,28.76,0
13.34,29.427,18.22,1
13.35,74.409,17.82,0
13.35,61.2,27.11,0
13.37,24.327,13.97,0
13.37,76.704,24.77,0
13.39,63.954,11.67,0
13.41,79.662,19.5,0
13.42,16.065,22.45,0
13.43,51.306,21.34,1
13.43,52.785,12.2,0
13.43,33.354,18.39,0
13.44,64.209,14.39,1
13.44,92.922,18.39,0
13.44,38.199,17.29,0
13.46,73.185,21.75,0
13.48,40.239,15.92,0
13.48,87.516,20.55,0
13.49,50.949,21.37,0
13.5,26.571,23.93,0
13.5,81.345,24.28,0
13.51,42.279,17.1,1
13.51,76.755,14.5,0
13.53,67.116,21.03,0
13.54,57.426,19.38,0
13.56,76.5,20.83,0
13.6,38.964,21.45,1
13.6,74.97,17.82,0
13.61,71.655,29.21,0
13.61,27.081,23.28,0
13.62,76.092,25.39,0
13.63,53.856,17.15,0
13.63,54.621,25.23,1
13.63,41.514,20.14,1
13.64,77.214,22.66,0
13.64,79.458,26.44,0
13.64,68.748,19.67,0
13.65,86.139,14.94,0
13.65,43.146,17.23,0
13.67,64.617,22.86,0
13.67,39.525,20.84,0
13.68,36.108,16.97,0
13.68,70.227,25.2,0
13.7,67.218,29.57,0
13.71,58.089,14.48,0
13.73,79.917,24.85,0
13.74,71.349,10.48,0
13.74,29.682,21.64,1
13.75,62.934,29.48,0
13.75,18.411,10.67,0
13.75,71.247,25.53,0
13.77,13.872,24.23,0
13.77,55.743,18.55,1
13.77,62.628,16.14,0
13.81,89.046,24.45,0
13.82,78.642,20.76,0
13.83,94.044,31.01,0
13.84,76.755,15.74,0
13.86,91.239,23.24,0
13.87,65.127,17.97,0
13.87,75.174,14.52,0
13.88,95.268,25.62,0
13.89,64.821,19.28,1
13.9,32.997,17.23,1
13.9,42.432,15.6,1
13.91,68.748,16.21,0
13.93,38.964,22.17,1
13.93,20.961,17.51,0
13.93,50.388,15.09,0
13.94,16.269,18.41,0
13.94,36.363,15.88,0
13.95,97.716,18.37,0
13.96,84.456,18.2,0
13.96,82.926,30.45,0
13.96,65.28,14.27,0
13.97,29.376,18.78,1
13.98,99.552,32.13,0
13.98,38.505,17.21,0
14,73.491,21.07,0
14,70.737,12.5,0
14,59.262,16.74,0
14.01,67.065,21.15,0
14.04,39.117,22.25,0
14.05,33.507,24.55,0
14.05,65.127,28.64,0
14.07,96.747,22.77,0
14.07,47.481,17.78,0
14.07,69.207,24.48,0
14.09,44.676,29.06,1
14.1,67.167,21.37,0
14.11,51.357,10.95,0
14.12,69.615,21.1,0
14.13,46.716,16.37,0
14.14,46.563,20.18,1
14.15,44.268,19.16,0
14.15,52.581,14.79,1
14.15,60.588,19.55,0
14.15,28.509,15.86,0
14.18,70.074,14.11,0
14.2,68.034,16.56,0
14.2,60.333,18.48,0
14.21,53.295,18.75,1
14.22,70.482,9.48,0
14.22,94.707,31.32,0
14.23,24.378,16.09,1
14.23,52.581,22.61,0
14.24,47.277,18.78,0
14.25,42.687,21.42,0
14.27,94.656,20.53,0
14.28,72.879,19.45,0
14.28,31.671,15.07,0
14.29,70.074,14.6,0
14.3,63.444,18.69,1
14.3,59.517,15.78,0
14.31,42.228,14.58,1
14.31,34.833,10.63,0
14.32,51.663,14.65,1
14.32,41.973,22.87,0
14.33,81.6,23.87,0
14.34,60.078,20.35,1
14.35,46.257,12.06,0
14.36,63.087,21.91,0
14.37,18.258,30.65,1
14.37,29.376,22.53,0
14.38,35.649,19.61,1
14.39,75.327,26.25,0
14.39,58.497,22.95,0
14.4,82.11,15.12,0
14.42,40.035,14.22,0
14.44,74.154,22.3,0
14.44,82.824,22.53,0
14.45,81.702,12.66,0
14.45,90.984,22.32,0
14.45,55.692,19.78,0
14.46,43.503,17.04,0
14.46,19.584,15.52,0
14.47,29.58,11.52,0
14.48,43.707,26.08,1
14.48,71.349,18.31,0
14.48,47.277,20.38,0
14.48,47.277,19.83,0
14.49,75.327,22.67,0
14.49,41.157,20.16,0
14.5,67.728,19.52,1
14.5,62.118,20.13,0
14.5,44.676,12.87,0
14.51,56.151,22.74,0
14.52,31.671,16.34,1
14.52,55.947,18.33,1
14.53,36.822,18.95,1
14.54,77.061,19.99,0
14.54,49.113,17.79,0
14.54,53.499,12.66,0
14.56,46.308,26.98,1
14.57,44.931,25.74,1
14.57,68.748,28.61,0
14.57,29.682,12.54,1
14.57,39.576,21.5,0
14.58,50.133,13.97,1
14.58,25.857,21.49,1
14.58,85.221,19.91,0
14.59,45.747,15.6,1
14.59,48.246,18.15,0
14.6,68.748,14.87,1
14.62,83.946,13.11,0
14.62,56.763,17.44,0
14.63,57.069,12.11,1
14.63,64.719,21.23,0
14.64,41.922,19.34,1
14.66,45.288,18.51,1
14.66,42.381,19.53,1
14.67,91.137,31.82,0
14.67,96.849,33.78,0
14.68,80.376,25.71,0
14.69,61.608,17.59,0
14.69,43.452,16.22,0
14.7,81.447,21.57,0
14.7,36.516,18.59,1
14.71,74.817,24.19,0
14.71,44.676,20.12,0
14.73,14.637,11.34,1
14.73,64.872,22.5,0
14.74,45.288,16.01,1
14.76,70.839,12.88,0
14.77,41.769,19.45,1
14.78,54.315,11.75,0
14.8,74.052,23.13,0
14.81,68.646,20.67,0
14.81,23.511,15.34,1
14.82,64.209,24.46,0
14.82,54.009,11.57,0
14.84,48.96,17.17,1
14.84,115.311,21.72,0
14.85,87.72,24.9,0
14.86,98.175,24.37,0
14.86,36.261,15.5,0
14.88,37.944,19.42,1
14.88,33.66,19.95,1
14.88,47.889,22.97,0
14.9,18.309,14.89,1
14.94,71.298,16.58,0
14.95,77.469,26.62,0
14.96,60.129,25.14,1
14.97,39.117,11.46,1
14.97,34.935,17.77,0
14.98,55.845,16.53,1
14.98,64.107,20.05,1
14.98,75.276,20.16,0
14.99,56.559,21.78,1
14.99,46.716,18.02,0
14.99,61.812,21.18,0
15.01,70.023,28.6,0
15.02,17.442,23.55,1
15.02,84.354,24.35,0
15.02,20.91,19.92,1
15.02,76.602,25.3,0
15.02,45.594,18.05,0
15.03,96.747,25.81,0
15.03,83.385,22.67,0
15.03,88.893,22.53,0
15.04,59.772,15.21,0
15.05,55.794,25.22,1
15.05,47.991,19.92,0
15.09,26.979,15.88,1
15.09,52.989,19.68,0
15.1,42.84,25.24,0
15.12,75.48,18.31,0
15.12,47.787,23.72,1
15.13,105.06,27.27,0
15.13,87.414,25.43,0
15.14,59.619,18.12,1
15.14,69.054,13.62,1
15.15,45.237,17.51,1
15.15,34.119,13.26,1
15.17,95.166,24.9,0
15.17,42.636,17.52,1
15.17,48.093,13.74,0
15.18,71.196,27.12,0
15.18,92.82,24.47,0
15.18,57.834,19.89,0
15.19,100.47,17.7,0
15.21,34.986,19.13,1
15.21,59.823,18.24,1
15.21,41.004,19.68,1
15.22,77.418,14.88,0
15.22,107.814,24.52,0
15.23,41.106,14.72,0
15.24,62.22,23.78,1
15.25,34.527,11.91,1
15.26,74.256,22.41,1
15.26,47.022,26.66,0
15.26,72.879,24.46,0
15.27,82.773,24.42,0
15.28,88.638,22.58,0
15.28,58.803,21.05,0
15.29,45.543,18.64,0
15.32,24.633,17.14,1
15.33,27.081,19.69,1
15.33,58.293,18.58,0
15.33,98.583,18.15,0
15.34,79.152,30.11,0
15.35,55.539,16.16,0
15.36,55.029,17.75,1
15.36,53.601,13.08,0
15.37,73.95,28.07,0
15.37,35.037,13.84,1
15.38,37.434,13.76,1
15.38,55.59,15.81,0
15.39,75.99,28.31,0
15.4,59.772,19.98,1
15.4,38.811,16.7,0
15.41,39.933,17.26,1
15.42,46.971,30.44,1
15.42,59.16,19.59,0
15.43,53.907,16.45,1
15.43,32.487,11.91,1
15.44,74.358,17.21,0
15.44,49.674,22.74,1
15.44,48.552,13.99,0
15.46,73.899,29.73,0
15.46,56.1,19.73,0
15.46,94.911,31.78,0
15.46,83.691,19.67,0
15.47,44.064,18.12,1
15.49,47.226,23.7,1
15.5,64.872,14.6,1
15.5,35.802,17.52,1
15.52,44.523,25.99,0
15.52,86.19,27.99,0
15.54,39.933,16.33,1
15.54,35.292,25.91,1
15.54,50.541,17.64,0
15.54,46.155,26.03,0
15.55,111.435,27.37,0
15.57,78.897,20.55,0
15.57,108.324,28.8,0
15.58,47.328,21.13,0
15.59,35.904,26.68,1
15.59,46.665,19.01,1
15.6,39.219,14.21,1
15.6,85.221,12.7,0
15.6,68.34,15.78,0
15.6,96.033,31.75,0
15.6,115.974,24.47,0
15.61,50.694,18.56,1
15.61,61.965,20.92,0
15.62,105.009,26.72,0
15.63,94.911,22.95,0
15.64,38.046,24.5,1
15.66,53.856,14.83,0
15.67,52.275,23.57,1
15.67,54.009,14.75,0
15.68,82.671,18.06,0
15.69,52.275,11.79,0
15.69,57.222,17.66,0
15.69,77.469,25.64,0
15.69,43.809,21.57,0
15.73,88.638,28.59,0
15.73,108.681,19.02,0
15.74,30.804,16.27,1
15.75,105.621,30.36,0
15.76,30.753,25.57,1
15.76,86.394,16.73,0
15.78,22.134,12.02,1
15.78,52.938,13.27,0
15.8,88.74,17.32,0
15.81,41.871,16.15,1
15.81,61.149,19.59,0
15.82,36.618,15.84,1
15.82,84.456,16.2,0
15.82,106.284,22.95,0
15.82,67.116,18.76,0
15.84,61.302,21.56,0
15.85,70.584,17.49,0
15.86,45.237,18.16,1
15.86,75.582,25.76,0
15.86,81.294,35.16,0
15.87,48.399,18.59,1
15.87,35.853,15.73,1
15.88,59.211,16.74,1
15.88,81.702,21.85,0
15.88,64.668,16.7,0
15.88,68.187,16.75,0
15.88,50.49,11.55,1
15.89,57.987,22.67,1
15.89,82.875,18.83,0
15.89,57.579,21.66,0
15.9,46.461,14.7,1
15.9,39.423,19.88,1
15.9,49.827,22.24,0
15.9,101.082,20.77,0
15.92,81.192,17.99,0
15.92,73.389,21.57,0
15.93,43.044,16.92,1
15.94,36.567,12.7,1
15.95,89.658,23.59,0
15.95,72.114,20.71,0
15.96,27.897,13.97,1
15.96,103.326,18.07,0
15.97,29.223,12.35,1
15.98,90.423,16.88,0
16,74.766,20.96,0
16,17.646,15.02,1
16,52.887,21.61,0
16,96.951,32.48,0
16.01,108.579,25.99,0
16.02,44.625,22.58,1
16.03,21.471,18.23,1
16.05,45.033,23.84,1
16.06,89.556,24.92,0
16.06,96.492,28.89,0
16.09,39.627,20.25,1
16.09,24.582,19.08,1
16.11,37.332,17.59,1
16.14,19.737,11.64,1
16.14,29.988,21.69,1
16.14,42.891,12.87,1
16.14,73.44,32.24,0
16.15,50.592,13.44,1
16.17,59.721,22.58,1
16.18,71.298,21.86,0
16.19,57.987,24.75,0
16.2,31.263,15.08,1
16.2,48.399,13.8,1
16.23,50.592,14.05,0
16.23,95.778,22.26,0
16.23,40.29,17.67,0
16.23,84.864,18.64,0
16.27,40.596,29.06,1
16.28,69.87,22.79,0
16.28,30.855,20.61,1
16.29,36.312,26.06,1
16.3,28.254,17.71,1
16.3,55.998,21.88,1
16.31,40.086,16.39,1
16.31,79.356,16.22,0
16.31,34.884,20.21,1
16.31,104.091,18.66,0
16.32,78.234,15.18,0
16.32,102.765,19.53,0
16.32,98.94,29.96,0
16.33,42.279,28.91,1
16.34,86.649,19.31,0
16.35,68.238,17.16,0
16.37,103.479,20.63,0
16.37,78.744,27.82,0
16.4,76.959,16.36,0
16.41,41.157,20.52,1
16.41,37.689,14.72,0
16.42,49.878,11.55,1
16.43,54.417,24.57,1
16.44,48.654,23.34,1
16.44,46.155,20.98,0
16.45,27.744,19.56,1
16.45,37.944,18.32,1
16.45,35.7,12.62,1
16.45,61.965,24.57,1
16.46,48.195,22.01,1
16.47,34.068,20.03,1
16.47,46.971,20.45,1
16.48,76.704,20.03,0
16.49,40.545,15.67,1
16.51,42.891,22.43,1
16.52,73.95,26.7,1
16.53,31.824,19.43,1
16.54,49.929,23.04,1
16.54,76.551,22.32,0
16.54,93.381,26.16,0
16.55,17.136,26.89,1
16.55,57.732,20.95,0
16.55,95.829,25.43,0
16.56,76.194,27.63,0
16.56,73.389,24.45,0
16.57,49.929,18.89,1
16.58,57.426,14.88,1
16.63,27.897,14.45,1
16.63,71.757,31.04,0
16.64,76.806,21.4,0
16.65,60.588,16.98,0
16.67,78.744,23.94,0
16.67,50.949,16.3,0
16.68,108.783,19.54,0
16.69,37.485,18.62,1
16.69,64.158,20.55,1
16.7,98.226,32.32,0
16.71,70.023,25.3,0
16.71,49.776,15.26,0
16.72,28.305,21.91,1
16.72,95.778,30.9,0
16.73,52.836,17.6,1
16.73,101.439,26.07,0
16.74,68.799,26.3,0
16.74,36.057,16.52,1
16.75,41.871,23.05,1
16.75,105.468,19.5,0
16.76,48.195,19.19,0
16.77,49.368,14.81,1
16.78,74.307,21.84,0
16.78,44.217,26.76,1
16.78,48.501,22.96,1
16.79,40.851,18.98,1
16.79,76.194,15.16,0
16.79,86.292,26.46,0
16.82,47.838,24.99,1
16.82,68.952,15.94,0
16.83,51.255,17.4,1
16.83,33.864,16.45,1
16.84,103.53,18.43,0
16.85,64.209,27.25,0
16.85,15.657,17.98,1
16.86,32.13,14.03,1
16.86,75.327,22.08,0
16.86,82.467,15.02,0
16.87,75.99,20.35,0
16.89,37.587,17.43,0
16.89,96.135,34.27,0
16.9,43.248,17.26,1
16.9,97.971,24.71,0
16.91,37.944,24.22,1
16.91,79.56,15.71,0
16.92,40.239,16.72,1
16.96,31.977,17.2,1
16.96,46.308,21.76,1
16.96,35.802,15.62,1
16.97,52.275,20.8,1
17.01,97.359,16.57,0
17.03,57.171,17.32,1
17.04,30.243,20.04,1
17.04,56.763,26.24,1
17.05,82.722,18.68,0
17.09,84.507,21.61,0
17.09,31.875,17.05,1
17.09,96.084,20.96,0
17.09,43.146,26.32,1
17.1,46.002,17.52,1
17.1,101.439,25.18,0
17.11,84.762,22.66,0
17.11,23.97,15.86,1
17.12,67.779,13.29,1
17.13,29.223,27.62,1
17.13,46.104,21.76,1
17.14,42.891,14.28,1
17.16,58.854,13.11,1
17.17,78.03,15.12,0
17.19,43.452,19.28,1
17.2,44.166,21.53,1
17.22,71.961,19.89,0
17.22,41.412,24.36,1
17.23,35.955,22.98,1
17.23,53.856,14.97,1
17.23,95.676,19.14,0
17.25,36.006,18.7,1
17.25,81.192,16.54,0
17.26,63.546,12.83,1
17.28,80.937,21.14,0
17.28,77.214,21.45,0
17.28,47.175,18.12,1
17.28,106.794,23.77,0
17.29,83.385,26.69,0
17.3,44.013,19.56,0
17.31,68.442,21.88,0
17.31,45.849,21.33,1
17.31,90.627,18.67,0
17.32,49.98,21.73,1
17.32,44.319,25.47,1
17.32,100.623,26.22,0
17.33,40.494,19.47,1
17.36,61.863,26.66,1
17.36,74.868,21.95,0
17.37,64.566,21.75,1
17.37,55.59,18.13,1
17.37,57.63,19.05,1
17.38,48.603,17.41,1
17.39,34.374,24.16,1
17.39,40.596,21.15,1
17.39,34.272,14.33,1
17.41,64.974,17.59,0
17.43,31.875,15.81,1
17.43,56.1,26.23,1
17.44,87.567,27.11,0
17.45,83.538,13.38,0
17.46,96.594,27.12,0
17.46,102.765,28.07,0
17.47,38.352,25.83,1
17.47,104.958,29.55,0
17.48,80.631,16.95,0
17.48,56.865,24.42,1
17.48,30.957,27.34,1
17.48,59.772,17.69,1
17.48,47.022,20.36,1
17.49,33.711,20.95,1
17.49,54.927,19.34,0
17.51,44.829,16.27,1
17.51,83.181,19.75,0
17.51,36.822,24.95,0
17.51,100.878,15.02,0
17.53,51,21.82,0
17.53,36.669,11.01,1
17.53,69.054,23.72,0
17.53,34.068,12.16,1
17.54,105.417,18.49,0
17.55,52.632,24.78,1
17.56,35.241,22.63,1
17.56,63.852,21.42,1
17.57,53.601,16.62,1
17.57,68.238,22.31,0
17.57,37.485,15.87,1
17.58,73.899,27.88,1
17.59,56.61,16.59,1
17.59,87.363,16.64,0
17.6,53.295,23.5,0
17.6,37.128,12.4,1
17.6,65.433,16.43,1
17.6,103.887,27.86,0
17.61,59.823,22.52,0
17.61,57.63,17.35,1
17.61,47.277,24.94,1
17.62,39.27,16.13,1
17.64,59.619,12.74,1
17.64,32.589,20.52,1
17.64,30.804,20.7,1
17.65,32.079,22.65,1
17.66,40.035,14.48,1
17.67,53.091,22.11,1
17.68,49.674,11.57,1
17.68,64.668,22.79,1
17.7,51.408,22.17,1
17.7,22.338,12.37,1
17.71,108.834,16.1,0
17.72,56.661,19.96,1
17.72,33.762,25.91,1
17.73,92.361,22.61,0
17.73,82.62,21.73,0
17.74,67.524,20.03,0
17.74,55.386,16.4,0
17.75,54.672,21.76,1
17.75,45.951,15.36,1
17.76,79.662,19.27,0
17.76,107.661,26.8,0
17.77,62.73,22.38,1
17.77,108.375,24.36,0
17.77,114.495,34.25,0
17.78,82.416,19.93,0
17.78,32.538,13.18,1
17.78,38.658,11.67,1
17.78,74.562,22.19,0
17.79,81.039,23.06,0
17.79,100.623,19.01,0
17.79,115.107,27.63,0
17.8,71.349,27.78,0
17.8,57.273,20.35,0
17.81,99.552,22.6,0
17.82,80.529,27.22,0
17.82,109.701,27.45,0
17.83,46.155,18.65,1
17.83,47.838,12.53,1
17.83,108.12,27.31,0
17.83,108.63,22.2,0
17.83,107.916,37.44,0
17.84,45.543,20.66,1
17.84,48.195,21.72,0
17.86,101.337,26.21,0
17.87,38.403,15.71,1
17.87,54.825,23.62,1
17.88,56.202,30,1
17.88,103.326,23.3,0
17.9,63.546,26.5,1
17.9,44.574,21.89,1
17.91,43.35,25.28,1
17.92,28.203,13.27,1
17.94,52.377,11.79,1
17.96,27.132,13.17,1
17.97,58.65,11.43,1
17.97,35.751,14.91,1
17.97,44.829,13.01,1
17.97,85.68,23.42,0
17.98,38.556,18.52,1
18,83.793,31.09,0
18.01,46.512,27.02,1
18.02,31.365,21.52,1
18.02,83.079,17.27,0
18.03,43.299,17.62,1
18.03,40.392,11.74,1
18.03,66.351,23,0
18.03,89.862,18.34,0
18.04,58.905,20.04,1
18.04,113.016,31.31,0
18.04,99.501,20.26,0
18.05,37.689,12.71,1
18.06,80.835,21.47,0
18.07,42.381,13.44,1
18.07,33.15,20.82,1
18.07,43.401,25.62,1
18.08,40.494,18.45,1
18.09,50.286,18.71,1
18.1,61.608,22.88,1
18.1,34.068,20.23,1
18.11,78.642,18.25,0
18.11,108.63,30.69,0
18.12,48.042,12.58,1
18.13,105.825,22.04,0
18.14,71.043,24.71,0
18.14,28.764,24.45,1
18.14,54.264,22.71,1
18.15,43.35,15.53,0
18.15,85.068,24.61,0
18.16,46.359,18.23,1
18.18,90.321,25.26,0
18.18,87.975,25.89,0
18.19,47.328,26.22,1
18.19,79.356,17,0
18.2,36.516,18.05,1
18.23,42.279,14.92,1
18.23,36.159,23.94,1
18.23,73.95,18.29,0
18.24,83.742,28.26,0
18.26,24.735,14.38,1
18.27,49.674,17.66,1
18.27,79.764,19.97,1
18.27,31.569,12.53,1
18.28,110.262,24.14,0
18.29,100.164,24.57,0
18.29,90.27,23.33,0
18.31,76.041,15.06,1
18.32,51.663,22.87,1
18.32,60.435,16.46,1
18.33,77.418,19.69,0
18.34,47.787,14.9,1
18.34,49.215,14.77,1
18.34,42.381,14.98,1
18.35,22.746,17.48,1
18.35,88.893,16.26,0
18.36,35.7,22.41,1
18.36,55.335,15.79,0
18.37,52.377,23.2,1
18.38,31.263,23.48,1
18.38,50.184,11.93,0
18.38,114.75,30.03,0
18.38,45.543,19.37,1
18.38,30.906,15,1
18.39,68.697,25.05,1
18.4,27.948,13.36,1
18.41,42.891,23.76,1
18.42,53.397,14.52,1
18.43,53.04,19.54,1
18.43,74.358,18.49,0
18.43,42.585,24.99,1
18.45,38.25,21.64,1
18.46,45.135,21.97,1
18.47,39.882,20.78,1
18.47,55.386,19.27,0
18.48,40.392,23,1
18.49,54.927,11.75,1
18.5,38.505,16.33,1
18.5,114.24,27.04,0
18.53,27.183,15.69,1
18.53,48.042,22.6,1
18.53,39.474,20.97,1
18.54,46.155,19.26,1
18.56,48.093,19.66,1
18.56,91.545,19.15,0
18.57,43.605,13.77,1
18.57,43.809,20.41,1
18.58,34.986,21.1,1
18.6,51.663,25.05,1
18.6,72.573,20.96,0
18.61,68.034,23.68,1
18.61,50.643,18.62,1
18.61,94.044,26.84,0
18.62,44.829,20.34,1
18.62,41.514,12.55,1
18.63,41.565,22.33,1
18.63,36.465,17.44,1
18.66,47.787,16.61,1
18.67,22.134,29.46,1
18.67,96.39,25.94,0
18.68,59.772,19.24,1
18.68,28.968,12.97,1
18.68,79.713,20.66,0
18.7,114.597,27.76,0
18.7,105.978,24.16,0
18.71,102.714,24.98,0
18.72,49.929,15.34,1
18.72,49.164,21.66,1
18.73,49.929,19.09,1
18.73,118.575,24,0
18.74,88.536,20.46,0
18.74,37.587,12.76,1
18.75,37.944,20.37,1
18.76,83.895,23.9,0
18.76,99.195,25.41,0
18.77,78.846,27.38,0
18.77,110.823,28.63,0
18.79,28.305,13.08,1
18.79,86.955,27.32,0
18.8,48.552,15.03,1
18.81,109.242,23.94,0
18.85,88.077,19.28,0
18.87,45.492,22.49,1
18.88,54.621,16.59,1
18.88,22.185,19.22,1
18.91,41.769,22.26,1
18.92,53.397,19.83,0
18.92,86.955,25.87,0
18.92,34.68,17.93,1
18.92,57.375,18.35,1
18.93,54.876,19.02,1
18.96,57.375,11.9,1
18.96,48.093,22.16,1
18.97,54.264,28.91,1
18.97,48.297,25.77,1
18.97,57.426,13.74,1
18.98,31.263,23.35,1
18.99,76.806,23.34,0
19.01,59.874,24.07,1
19.03,34.374,12.84,1
19.04,42.891,21.84,1
19.05,82.824,17.83,0
19.05,61.914,15,1
19.06,63.138,24.47,1
19.06,47.736,11.23,1
19.1,36.21,13.37,1
19.11,100.368,25.69,0
19.12,38.607,18.26,1
19.13,39.627,21.74,1
19.13,38.454,21.13,1
19.14,29.835,26.18,1
19.15,57.324,14.76,1
19.15,30.906,18,1
19.16,78.744,24.69,0
19.18,22.593,24.38,1
19.18,57.681,31.17,1
19.19,48.399,11.43,1
19.19,43.605,19.08,1
19.19,31.824,12.27,1
19.21,52.224,20.9,1
19.23,49.419,18.56,1
19.28,38.352,15.39,1
19.28,45.645,15.76,1
19.28,45.696,29.5,1
19.3,45.9,33.55,1
19.3,55.488,29.29,1
19.31,56.865,18.86,1
19.33,23.919,14.63,1
19.33,49.521,25.34,1
19.33,44.931,18.73,1
19.34,36.057,21.68,1
19.34,43.299,19.18,1
19.35,29.733,15.83,1
19.37,83.538,20.49,0
19.37,28.203,13.99,1
19.37,20.91,17.82,1
19.39,37.638,14.99,1
19.42,79.764,19.46,0
19.44,58.446,11.69,1
19.45,54.672,17.02,1
19.48,67.371,17.69,0
19.48,43.911,22.87,1
19.49,57.987,20.81,1
19.51,28.968,12.98,1
19.52,51.255,21.1,1
19.53,48.348,14.17,1
19.53,45.186,27.56,1
19.54,66.198,24.14,0
19.56,38.046,15.78,1
19.56,38.913,19.07,1
19.57,17.646,18.36,1
19.57,43.962,19.52,1
19.58,39.525,21.44,1
19.58,29.325,13.84,1
19.62,59.466,22.94,1
19.62,79.866,19.06,0
19.64,44.88,21.26,1
19.64,52.989,18.73,1
19.65,44.166,22.67,1
19.65,15.861,13.68,1
19.67,52.326,18.33,1
19.69,44.727,16.49,1
19.69,58.65,11.66,1
19.7,38.811,12.47,1
19.7,57.834,12.34,1
19.72,32.079,15.5,1
19.72,63.903,22.23,1
19.72,104.142,27.92,0
19.75,61.659,22.09,1
19.75,52.53,22.43,1
19.77,46.206,18.73,1
19.77,57.12,17.97,1
19.78,43.758,20.84,1
19.8,40.749,21.05,1
19.8,68.238,16.77,0
19.81,56.967,18.45,1
19.81,42.993,18.99,1
19.81,106.08,23.1,0
19.82,36.312,16.56,1
19.83,59.772,16.46,1
19.84,50.082,19.84,1
19.85,56.202,16.06,1
19.86,57.273,19.11,1
19.87,47.175,20.46,1
19.87,53.652,18.74,1
19.87,75.429,19.74,0
19.87,64.005,20.26,1
19.9,38.658,20.83,1
19.91,50.643,12.67,1
19.91,104.295,24.02,0
19.93,37.995,19.97,1
19.93,68.748,20.4,1
19.97,69.615,24.51,1
19.98,46.818,17.01,1
19.99,61.047,19.69,1
19.99,51.306,19.29,1
20,58.956,21.74,1
20.01,45.849,24.63,1
20.01,52.53,25.65,1
20.01,36.771,11.48,1
20.03,45.186,16.39,1
20.03,55.437,22.89,1
20.03,102.255,16.91,0
20.06,42.483,16.79,1
20.08,39.474,13.15,1
20.08,106.743,16.16,0
20.09,51.918,12.48,1
20.13,54.162,18.06,1
20.13,52.887,28.94,1
20.13,54.315,21.57,1
20.13,43.962,16.49,1
20.15,34.986,24.73,1
20.16,46.614,18.45,1
20.17,63.852,17.78,1
20.18,34.986,12.25,1
20.2,57.63,19.08,1
20.2,44.778,18.61,1
20.21,51.357,16.84,1
20.21,109.191,20.23,0
20.22,39.729,17.46,1
20.22,98.532,24.8,0
20.23,42.585,25.31,1
20.24,52.683,27.58,1
20.24,68.646,11.99,1
20.26,72.012,17.98,1
20.26,91.188,22.36,0
20.28,30.294,16.9,1
20.31,42.381,13.34,1
20.31,55.08,22.45,1
20.32,40.647,13.77,1
20.33,35.598,20.76,1
20.33,77.724,27.6,0
20.36,41.514,19.44,1
20.37,59.721,18.72,1
20.37,40.902,20.47,1
20.38,86.037,25.8,0
20.43,62.526,23.81,1
20.43,30.957,22.93,1
20.45,23.511,24.87,1
20.47,68.391,18.76,1
20.48,47.022,17.3,1
20.48,36.21,15,1
20.49,44.829,20.03,1
20.49,47.838,15.7,1
20.5,55.233,22.75,1
20.54,54.519,20.43,1
20.54,44.064,16.67,1
20.6,37.74,17.21,1
20.6,64.719,25.93,1
20.63,59.976,14.63,1
20.64,54.621,20.73,1
20.65,63.393,22.56,1
20.67,93.228,25.47,0
20.67,95.115,30.64,0
20.68,38.709,14.46,1
20.69,61.608,14.02,1
20.7,65.331,20.6,0
20.71,69.972,22.13,1
20.76,62.322,19.04,1
20.79,53.601,19.03,1
20.81,47.481,22.38,1
20.81,63.291,17.77,1
20.81,79.815,29.57,1
20.81,47.226,11.45,1
20.82,44.625,16.85,1
20.83,47.022,14.89,1
20.84,59.466,14.86,1
20.84,73.899,19.38,1
20.85,57.63,25.06,1
20.94,61.659,26.81,1
20.97,35.292,25.5,1
20.98,62.628,29.74,1
20.98,57.12,14.65,1
21.03,50.49,30.42,1
21.05,51.918,23.09,1
21.05,101.388,22.2,0
21.07,60.078,20.29,1
21.08,25.755,19.11,1
21.09,75.633,23.93,0
21.1,34.833,26.84,1
21.11,32.691,15.65,1
21.13,21.114,14.03,1
21.14,41.259,15.87,1
21.17,48.399,13.16,1
21.17,111.231,21.82,0
21.18,54.366,24.73,1
21.22,59.007,20.55,1
21.29,50.388,27.79,1
21.34,49.572,16.6,1
21.34,20.247,25.19,1
21.37,39.729,16.31,1
21.38,41.208,18.17,1
21.42,43.452,17.59,1
21.42,43.962,25.73,1
21.43,77.469,20.88,0
21.45,45.951,18.6,1
21.46,47.736,15.27,1
21.47,43.197,23.88,1
21.47,64.617,22.45,1
21.49,51.561,21.86,1
21.5,52.938,16.32,1
21.51,46.563,30.86,1
21.53,47.328,16.05,1
21.53,85.425,17.93,0
21.53,63.087,16.19,1
21.54,40.29,23.95,1
21.57,69.564,23.67,1
21.6,50.796,19.97,1
21.6,37.179,16.09,1
21.61,55.539,27.13,1
21.61,56.304,18.36,1
21.68,60.945,11.38,1
21.72,66.861,21.18,1
21.77,49.521,22.28,1
21.77,54.825,15.6,1
21.83,56.916,17.22,1
21.83,92.82,21.47,0
21.84,53.856,12.95,1
21.87,53.04,14.8,1
21.88,54.672,19.2,1
21.95,40.749,13.75,1
21.96,60.078,16.27,1
21.97,95.982,27.91,0
21.98,73.134,19.52,1
22.07,52.122,15.7,1
22.1,57.936,22.61,1
22.22,54.06,21.82,1
22.26,59.415,22.54,1
22.27,47.124,24.81,1
22.28,41.973,20.63,1
22.33,48.756,13.93,1
22.4,43.401,20.19,1
22.44,53.856,22.24,1
22.47,45.084,18.66,1
22.54,48.705,18.38,1
22.54,31.569,19.19,1
22.55,93.33,32.21,0
22.55,40.29,21.11,1
22.57,48.195,17.09,1
22.57,64.974,30.69,1
22.58,34.527,13.93,1
22.6,60.588,17.96,1
22.61,42.636,14.66,1
22.68,42.84,22.25,1
22.7,48.96,22.28,1
22.77,50.694,24.84,1
22.89,46.002,18.25,1
23.07,50.235,17.66,1
23.08,44.778,16.11,1
23.14,39.321,21.93,1
23.44,43.095,18.14,1
23.48,59.262,21.29,1
23.83,57.375,19.32,1
24.06,45.798,11.78,1
25.14,49.47,17.69,1
25.74,47.634,23.95,1
25.79,50.694,14.29,1
